num_sommet; nom_sommet; numéro_ligne; si_terminus; branchement (0 stations en commun, 1 pour la direction 1,  2 pour la direction 2, ainsi  de suite ...)
0; Abbesses ;12 ;False; 0
1; Alexandre Dumas ;2 ;False; 0
2; Alma Marceau ;9 ;False; 0
3; Alésia ;4 ;False; 0
4; Anatole France ;3 ;False; 0
5; Anvers ;2 ;False; 0
6; Argentine ;1 ;False; 0
7; Arts et Métiers ;11 ;False; 0
8; Arts et Métiers ;3 ;False; 0
9; Assemblée Nationale ;12 ;False; 0
10; Aubervilliers-Pantin, Quatre Chemins ;7 ;False; 0
11; Avenue Émile Zola ;10 ;False; 0
12; Avron ;2 ;False; 0
13; Barbès Rochechouart ;2 ;False; 0
14; Barbès Rochechouart ;4 ;False; 0
15; Basilique de Saint-Denis ;13 ;False; 1
16; Bastille ;1 ;False; 0
17; Bastille ;5 ;False; 0
18; Bastille ;8 ;False; 0
19; Bel Air ;6 ;False; 0
20; Belleville ;11 ;False; 0
21; Belleville ;2 ;False; 0
22; Bercy ;14 ;False; 0
23; Bercy ;6 ;False; 0
24; Bibliothèque François Mitterand ;14 ;True; 0
25; Billancourt ;9 ;False; 0
26; Bir-Hakeim ;6 ;False; 0
27; Blanche ;2 ;False; 0
28; Bobigny, Pablo Picasso ;5 ;True; 0
29; Bobigny-Pantin, Raymond Queneau ;5 ;False; 0
30; Boissière ;6 ;False; 0
31; Bolivar ;7bis ;False; 0
32; Bonne Nouvelle ;8 ;False; 0
33; Bonne Nouvelle ;9 ;False; 0
34; Botzaris ;7bis ;False; 0
35; Boucicaut ;8 ;False; 0
36; Boulogne, Jean Jaurès ;10 ;False; 0
37; Boulogne, Pont de Saint-Cloud, Rond Point Rhin et Danube ;10 ;True; 0
38; Bourse ;3 ;False; 0
39; Brochant ;13 ;False; 2
40; Bréguet-Sabin ;5 ;False; 0
41; Buttes Chaumont ;7bis ;False; 0
42; Buzenval ;9 ;False; 0
43; Bérault ;1 ;False; 0
44; Cadet ;7 ;False; 0
45; Cambronne ;6 ;False; 0
46; Campo-Formio ;5 ;False; 0
47; Cardinal Lemoine ;10 ;False; 0
48; Carrefour Pleyel ;13 ;False; 1
49; Censier Daubenton ;7 ;False; 0
50; Champs Élysées, Clémenceau ;1 ;False; 0
51; Champs Élysées, Clémenceau ;13 ;False; 0
52; Chardon Lagâche ;10 ;False; 0
53; Charenton-Écoles ;8 ;False; 0
54; Charles Michels ;10 ;False; 0
55; Charles de Gaulle, Étoile ;1 ;False;  0
56; Charles de Gaulle, Étoile ;2 ;False; 0
57; Charles de Gaulle, Étoile ;6 ;True; 0
58; Charonne ;9 ;False; 0
59; Chaussée d'Antin, La Fayette ;7 ;False;  0
60; Chaussée d'Antin, La Fayette ;9 ;False; 0
61; Chemin Vert ;8 ;False; 0
62; Chevaleret ;6 ;False; 0
63; Château Landon ;7 ;False; 0
64; Château Rouge ;4 ;False; 0
65; Château d'Eau ;4 ;False; 0
66; Château de Vincennes ;1 ;True; 0
67; Châtelet ;1 ;False; 0
68; Châtelet ;11 ;True; 0
69; Châtelet ;14 ;False; 0
70; Châtelet ;4 ;False; 0
71; Châtelet ;7 ;False; 0
72; Châtillon-Montrouge ;13 ;True; 0
73; Cité ;4 ;False; 0
74; Cluny, La Sorbonne ;10 ;False; 0
75; Colonel Fabien ;2 ;False; 0
76; Commerce ;8 ;False; 0
77; Concorde ;1 ;False; 0
78; Concorde ;12 ;False; 0
79; Concorde ;8 ;False; 0
80; Convention ;12 ;False; 0
81; Corentin Celton ;12 ;False; 0
82; Corentin-Cariou ;7 ;False; 0
83; Corvisart ;6 ;False; 0
84; Cour Saint-Émilion ;14 ;False; 0
85; Courcelles ;2 ;False; 0
86; Couronnes ;2 ;False; 0
87; Crimée ;7 ;False; 0
88; Croix de Chavaux ;9 ;False; 0
89; Créteil-Préfecture ;8 ;True; 0
90; Créteil-Université ;8 ;False; 0
91; Créteil-l'Echat, Hôpital Henri Mondor ;8 ;False; 0
92; Danube ;7bis ;False; 0
93; Daumesnil ;6 ;False; 0
94; Daumesnil ;8 ;False; 0
95; Denfert Rochereau ;4 ;False; 0
96; Denfert Rochereau ;6 ;False; 0
97; Dugommier ;6 ;False; 0
98; Dupleix ;6 ;False; 0
99; Duroc ;10 ;False; 0
100; Duroc ;13 ;False; 0
101; Edgar Quinet ;6 ;False; 0
102; Esplanade de la Défense ;1 ;False; 0
103; Europe ;3 ;False; 0
104; Exelmans ;9 ;False; 0
105; Faidherbe-Chaligny ;8 ;False; 0
106; Falguière ;12 ;False; 0
107; Filles du Calvaire ;8 ;False; 0
108; Fort d'Aubervilliers ;7 ;False; 0
109; Franklin D. Roosevelt ;1 ;False; 0
110; Franklin D. Roosevelt ;9 ;False; 0
111; Félix Faure ;8 ;False; 0
112; Gabriel Péri, Asnières-Gennevilliers ;13 ;True; 2
113; Gaité ;13 ;False; 0
114; Galliéni ;3 ;True; 0
115; Gambetta ;3 ;False; 0
116; Gambetta ;3bis ;True; 0
117; Gare d'Austerlitz ;10 ;True; 0
118; Gare d'Austerlitz ;5 ;False; 0
119; Gare de Lyon ;1 ;False; 0
120; Gare de Lyon ;14 ;False; 0
121; Gare de l'Est ;4 ;False; 0
122; Gare de l'Est ;5 ;False; 0
123; Gare de l'Est ;7 ;False; 0
124; Gare du Nord ;4 ;False; 0
125; Gare du Nord ;5 ;False; 0
126; Garibaldi ;13 ;False; 1
127; George  ;1 ;False; 0
128; Glacière ;6 ;False; 0
129; Goncourt ;11 ;False; 0
130; Grande Arche de la Défense ;1 ;True; 0
131; Guy Môquet ;13 ;False; 1
132; Havre Caumartin ;3 ;False; 0
133;Havre Caumartin ;9 ;False; 0
134; Hoche ;5 ;False; 0
135; Hôtel de Ville ;1 ;False; 0
136; Hôtel de Ville ;11 ;False; 0
137; Invalides ;13 ;False; 0
138; Invalides ;8 ;False; 0
139; Iéna ;9 ;False; 0
140; Jacques Bonsergent ;5 ;False; 0
141; Jasmin ;9 ;False; 0
142; Jaurès ;2 ;False; 0
143; Jaurès ;5 ;False; 0
144; Jaurès ;7bis ;False; 0
145; Javel ;10 ;False; 0
146; Jourdain ;11 ;False; 0
147; Jules Joffrin ;12 ;False; 0
148; Jussieu ;10 ;False; 0
149; Jussieu ;7 ;False; 0
150; Kléber ;6 ;False; 0
151; La Chapelle ;2 ;False; 0
152; La Courneuve, 8 Mai 1945 ;7 ;True; 0
153; La Fourche ;13 ;False; 0
154; La Motte Picquet, Grenelle ;10 ;False; 0
155; La Motte Picquet, Grenelle ;6 ;False; 0
156; La Motte Picquet, Grenelle ;8 ;False; 0
157; La Muette ;9 ;False; 0
158; La Tour-Maubourg ;8 ;False; 0
159; Lamarck Caulaincourt ;12 ;False; 0
160; Laumière ;5 ;False; 0
161; Le Kremlin-Bicêtre ;7 ;False; 2
162; Le Peletier ;7 ;False; 0
163; Ledru Rollin ;8 ;False; 0
164; Les Gobelins ;7 ;False; 0
165; Les Halles ;4 ;False; 0
166; Les Sablons ;1 ;False; 0
167; Liberté ;8 ;False; 0
168; Liège ;13 ;False; 0
169; Louis Blanc ;7 ;False; 0
170; Louis Blanc ;7bis ;True; 0
171; Louise Michel ;3 ;False; 0
172; Lourmel ;8 ;False; 0
173; Louvre, Rivoli ;1 ;False; 0
174; Mabillon ;10 ;False; 0
175; Madeleine ;12 ;False; 0
176; Madeleine ;14 ;True; 0
177; Madeleine ;8 ;False; 0
178; Mairie d'Issy ;12 ;True; 0
179; Mairie d'Ivry ;7 ;True; 1
180; Mairie de Clichy ;13 ;False; 2
181; Mairie de Montreuil ;9 ;True; 0
182; Mairie de Saint-Ouen ;13 ;False; 1
183; Mairie des Lilas ;11 ;True; 0
184; Maison Blanche ;7 ;False; 0
185; Maisons-Alfort les Juilliottes ;8 ;False; 0
186; Maisons-Alfort, Stade ;8 ;False; 0
187; Malakoff-Plateau de Vanves ;13 ;False; 0
188; Malakoff-Rue Étienne Dolet ;13 ;False; 0
189; Malesherbes ;3 ;False; 0
190; Maraîchers ;9 ;False; 0
191; Marcadet Poissonniers ;12 ;False; 0
192; Marcadet Poissonniers ;4 ;False; 0
193; Marcel Sembat ;9 ;False; 0
194; Marx Dormoy ;12 ;False; 0
195; Maubert Mutualité ;10 ;False; 0
196; Michel Ange Auteuil ;10 ;False; 0
197; Michel Ange Auteuil ;9 ;False; 0
198; Michel Ange Molitor ;10 ;False; 0
199; Michel Ange Molitor ;9 ;False; 0
200; Michel Bizot ;8 ;False; 0
201; Mirabeau ;10 ;False; 0
202; Miromesnil ;13 ;False; 0
203; Miromesnil ;9 ;False; 0
204; Monceau ;2 ;False; 0
205; Montgallet ;8 ;False; 0
206; Montparnasse Bienvenue ;12 ;False; 0
207; Montparnasse Bienvenue ;13 ;False; 0
208; Montparnasse Bienvenue ;4 ;False; 0
209; Montparnasse Bienvenue ;6 ;False;  0
210; Mouton-Duvernet ;4 ;False; 0
211; Ménilmontant ;2 ;False; 0
212; Nation ;1 ;False; 0
213; Nation ;2 ;True; 0
214; Nation ;6 ;True; 0
215; Nation ;9 ;False; 0
216; Nationale ;6 ;False; 0
217; Notre Dame de Lorette ;12 ;False; 0
218; Notre-Dame-des-Champs ;12 ;False; 0
219; Oberkampf ;5 ;False; 0
220; Oberkampf ;9 ;False; 0
221; Odéon ;10 ;False; 0
222; Odéon ;4 ;False; 0
223; Opéra ;3 ;False; 0
224; Opéra ;7 ;False; 0
225; Opéra ;8 ;False; 0
226; Ourcq ;5 ;False; 0
227; Palais Royal, Musée du Louvre ;1 ;False; 0
228; Palais Royal, Musée du Louvre ;7 ;False; 0
229; Parmentier ;3 ;False; 0
230; Passy ;6 ;False; 0
231; Pasteur ;12 ;False; 0
232; Pasteur ;6 ;False; 0
233; Pelleport ;3bis ;False; 0
234; Pernety ;13 ;False; 0
235; Philippe-Auguste ;2 ;False; 0
236; Picpus ;6 ;False; 0
237; Pierre Curie ;7 ;False; 1
238; Pigalle ;12 ;False; 0
239; Pigalle ;2 ;False; 0
240; Place Balard ;8 ;True; 0
241; Place Monge ;7 ;False; 0
242; Place d'Italie ;5 ;True; 0
243; Place d'Italie ;6 ;False; 0
244; Place d'Italie ;7 ;False; 0
245; Place de Clichy ;13 ;False; 0
246; Place de Clichy ;2 ;False; 0
247; Place des Fêtes ;11 ;False; 0
248; Place des Fêtes ;7bis ;False; 0
249; Plaisance ;13 ;False; 0
250; Poissonnière ;7 ;False; 0
251; Pont de Levallois, Bécon ;3 ;True; 0
252; Pont de Neuilly ;1 ;False; 0
253; Pont de Sèvres ;9 ;True; 0
254; Pont-Marie ;7 ;False; 0
255; Pont-Neuf ;7 ;False; 0
256; Porte Dauphine ;2 ;True; 0
257; Porte Dorée ;8 ;False; 0
258; Porte Maillot ;1 ;False; 0
259; Porte d'Auteuil ;10 ;False; 0
260; Porte d'Italie ;7 ;False; 1
261; Porte d'Ivry ;7 ;False; 1
262; Porte d'Orléans ;4 ;True; 0
263; Porte de Bagnolet ;3 ;False; 0
264; Porte de Champerret ;3 ;False; 0
265; Porte de Charenton ;8 ;False; 0
266; Porte de Choisy ;7 ;False; 1
267; Porte de Clichy ;13 ;False; 2
268; Porte de Clignancourt ;4 ;True; 0
269; Porte de Montreuil ;9 ;False; 0
270; Porte de Pantin ;5 ;False; 0
271; Porte de Saint-Cloud ;9 ;False; 0
272; Porte de Saint-Ouen ;13 ;False; 1
273; Porte de Vanves ;13 ;False; 0
274; Porte de Versailles ;12 ;False; 0
275; Porte de Vincennes ;1 ;False; 0
276; Porte de la Chapelle ;12 ;True; 0
277; Porte de la illette ;7 ;False; 0
278; Porte des Lilas ;11 ;False; 0
279; Porte des Lilas ;3bis ;True; 0
280; Pré-Saint-Gervais ;7bis ;True; 0
281; Pyramides ;14 ;False; 0
282; Pyramides ;7 ;False; 0
283; Pyrénées ;11 ;False; 0
284; Père Lachaise ;2 ;False; 0
285; Père Lachaise ;3 ;False; 0
286; Péreire ;3 ;False; 0
287; Quai de la Gare ;6 ;False; 0
288; Quai de la Rapée ;5 ;False; 0
289; Quatre Septembre ;3 ;False; 0
290; Rambuteau ;11 ;False; 0
291; Ranelagh ;9 ;False; 0
292; Raspail ;4 ;False; 0
293; Raspail ;6 ;False; 0
294; Rennes ;12 ;False; 0
295; Reuilly Diderot ;1 ;False; 0
296; Reuilly Diderot ;8 ;False; 0
297; Richard Lenoir ;5 ;False; 0
298; Richelieu Drouot ;8 ;False; 0
299; Richelieu Drouot ;9 ;False; 0
300; Riquet ;7 ;False; 0
301; Robespierre ;9 ;False; 0
302; Rome ;2 ;False; 0
303; Rue Montmartre, Grands Boulevards ;8 ;False; 0
304; Rue Montmartre, Grands Boulevards ;9 ;False; 0
305; Rue Saint-Maur ;3 ;False; 0
306; Rue de la Pompe ;9 ;False; 0
307; Rue des Boulets ;9 ;False; 0
308; Rue du Bac ;12 ;False; 0
309; Réaumur Sébastopol ;3 ;False; 0
310; Réaumur Sébastopol ;4 ;False; 0
311; République ;11 ;False; 0
312; République ;3 ;False; 0
313; République ;5 ;False; 0
314; République ;8 ;False; 0
315; République ;9 ;False; 0
316; Saint-Ambroise ;9 ;False; 0
317; Saint-Augustin ;9 ;False; 0
318; Saint-Denis-Porte de Paris ;13 ;False; 1
319; Saint-Denis-Université ;13 ;True; 1
320; Saint-Fargeau ;3bis ;False; 0
321; Saint-Francois Xavier ;13 ;False; 0
322; Saint-Georges ;12 ;False; 0
323; Saint-Germain-des-Prés ;4 ;False; 0
324; Saint-Jacques ;6 ;False; 0
325; Saint-Lazare ;12 ;False; 0
326; Saint-Lazare ;13 ;False; 0
327; Saint-Lazare ;3 ;False; 0
328; Saint-Mandé, Tourelle ;1 ;False; 0
329; Saint-Marcel ;5 ;False; 0
330; Saint-Michel ;4 ;False; 0
331; Saint-Paul, Le Marais ;1 ;False; 0
332; Saint-Philippe du Roule ;9 ;False; 0
333; Saint-Placide ;4 ;False; 0
334; Saint-Sulpice ;4 ;False; 0
335; Saint-Sébastien-Froissart ;8 ;False; 0
336; Sentier ;3 ;False; 0
337; Simplon ;4 ;False; 0
338; Solférino ;12 ;False; 0
339; Stalingrad ;2 ;False; 0
340; Stalingrad ;5 ;False; 0
341; Stalingrad ;7 ;False; 0
342; Strasbourg Saint-Denis ;4 ;False; 0
343; Strasbourg Saint-Denis ;8 ;False; 0
344; Strasbourg Saint-Denis ;9 ;False; 0
345; Sully Morland ;7 ;False; 0
346; Sèvres Babylone ;10 ;False; 0
347; Sèvres Babylone ;12 ;False; 0
348; Sèvres Lecourbe ;6 ;False; 0
349; Ségur ;10 ;False; 0
350; Temple ;3 ;False; 0
351; Ternes ;2 ;False; 0
352; Tolbiac ;7 ;False;  0
353; Trinité d'Estienne d'Orves ;12 ;False; 0
354; Trocadéro ;6 ;False; 0
355; Trocadéro ;9 ;False; 0
356; Tuileries ;1 ;False; 0
357; Télégraphe ;11 ;False; 0
358; Vaneau ;10 ;False; 0
359; Varenne ;13 ;False; 0
360; Vaugirard ;12 ;False; 0
361; Vavin ;4 ;False; 0
362; Victor Hugo ;2 ;False; 0
363; Villejuif, Louis Aragon ;7 ;True; 2
364; Villejuif, Léo Lagrange ;7 ;False; 2
365; Villejuif, P. Vaillant Couturier ;7 ;False; 2
366; Villiers ;2 ;False; 0
367; Villiers ;3 ;False; 0
368; Volontaires ;12 ;False; 0
369; Voltaire ;9 ;False; 0
370; Wagram ;3 ;False; 0
371; École Militaire ;8 ;False; 0
372; École étérinaire de Maisons-Alfort ;8 ;False; 0
373; Église d'Auteuil ;10 ;False; 0
374; Église de Pantin ;5 ;False; 0
375; Étienne Marcel ;4 ;False; 0